category|slug|gallery0
bed-guard|loof-bed-guard|
bed-guard|lotus-bed-guard|
bed-guard|lukaplus-bed-guard|
bed-guard|parla-bed-guard|
bookcase|baloot-bookcase|baloot-bookcase-picture.webp
bookcase|bw-bookcase|bw-bookcase.webp
bookcase|caroline-bookcase|caroline-bookcase.webp
bookcase|elegance-bookcase|elegance-bookcase.webp
bookcase|elizabeth-bookcase|elizabeth-bookcase-cream.webp
bookcase|iron-bookcase|iron-bookcase-accessory.webp
bookcase|jacqueline-bookcase|jacqueline-bookcase.webp
bookcase|loof-bookcase|loof-bookcase-cream.webp
bookcase|lotus-bookcase|lotus-bookcase-mid.webp
bookcase|lukaplus-bookcase|lukaplus-bookcase-v2.webp
bookcase|mocha-bookcase|mocha-bookcase.webp
bookcase|parla-bookcase|parla-bookcase-cream.webp
bookcase|sento-bookcase|sento-bookcase.webp
bookcase|skate-bookcase|skate-bookcase-1-drawer.webp
bookcase|verna-bookcase|verna-bookcase.webp
console|baloot-console|baloot-console-3-drawers-picture.webp
console|elegance-console|
console|elizabeth-console|elizabeth-console-3-drawes-cream.webp
console|lorena-console|lorena-console-6-drawers.webp
console|mocha-console|
console-vanity-mirror|baloot-console-vanity-mirror|baloot-console-vanity-mirror-picture.webp
console-vanity-mirror|bw-console-vanity-mirror|bw-console-vanity-mirror.webp
console-vanity-mirror|caroline-console-vanity-mirror|caroline-console-vanity-mirror.webp
console-vanity-mirror|celine-console-vanity-mirror|celine-detail-picture-v3.webp
console-vanity-mirror|elegance-console-vanity-mirror|
console-vanity-mirror|elizabeth-console-vanity-mirror|elizabeth-console-vanity-mirror-cream.webp
console-vanity-mirror|jacqueline-console-vanity-mirror|jacqueline-console-vanity-mirror.webp
console-vanity-mirror|loof-console-vanity-mirror|loof-console-vanity-mirror-green.webp
console-vanity-mirror|lorena-console-vanity-mirror|lorena-console-vanity-mirror.webp
console-vanity-mirror|lukaplus-console-vanity-mirror|lukaplus-console-vanity-mirror.webp
console-vanity-mirror|mocha-console-vanity-mirror|mocha-console-vanity-mirror.webp
console-vanity-mirror|parla-console-vanity-mirror|
console-vanity-mirror|sento-console-vanity-mirror|sento-console-vanity-mirror.webp
console-vanity-mirror|shaylin-console-vanity-mirror|shaylin-console-vanity-mirror-3-pieces-picture.webp
console-vanity-mirror|verna-console-vanity-mirror|
file-cabinet|caroline-file|caroline-file-5-drawers.webp
file-cabinet|celine-file|celine-file-5-drawers-picture.webp
file-cabinet|elizabeth-file|elizabeth-file-5-drawers-cream.webp
file-cabinet|gandom-file|gandom-file-3-drawers.webp
file-cabinet|iron-file|iron-file-5-drawers.webp
file-cabinet|jacqueline-file|jacqueline-file-6-drawers.webp
file-cabinet|lotus-file|lotus-file-6-drawers.webp
file-cabinet|sento-file|sento-file-5-drawers.webp
file-cabinet|shaylin-file|shaylin-file-5-drawers-picture.webp
loveseat|baloot-loveseat|
loveseat|elizabeth-loveseat|elizabeth-loveseat-cream.webp
loveseat|shaylin-loveseat|shaylin-loveseat-picture.webp
nightstand|baloot-nightstand|baloot-nightstand.webp
nightstand|bw-nightstand|bw-nightstand.webp
nightstand|caroline-nightstand|caroline-nightstand.webp
nightstand|celine-nightstand|celine-nightstand.webp
nightstand|elegance-nightstand|elegance-nightstand-v2.webp
nightstand|elizabeth-nightstand|elizabeth-nightstand-cream.webp
nightstand|iron-nightstand|iron-nightstand.webp
nightstand|jacqueline-nightstand|jacqueline-nightstand.webp
nightstand|loof-nightstand|loof-nightstand-cream.webp
nightstand|lorena-nightstand|lorena-nightstand.webp
nightstand|lotus-nightstand|lotus-nightstand.webp
nightstand|lukaplus-nightstand|lukaplus-nightstand.webp
nightstand|mocha-nightstand|mocha-nightstand.webp
nightstand|parla-nightstand|parla-nightstand-cream.webp
nightstand|sento-nightstand|
nightstand|shaylin-nightstand|shaylin-nightstand.webp
nightstand|skate-nightstand|skate-nightstand-v2.webp
nightstand|verna-nightstand|verna-nightstand-picture.webp
standing-mirror|baloot-standing-mirror|baloot-standing-mirror-picture.webp
standing-mirror|bw-standing-mirror|bw-standing-mirror.webp
standing-mirror|caroline-standing-mirror|caroline-standing-mirror.webp
standing-mirror|celine-standing-mirror|
standing-mirror|elegance-standing-mirror|elegance-standing-mirror.webp
standing-mirror|elizabeth-standing-mirror|elizabeth-standing-mirror-cream.webp
standing-mirror|iron-standing-mirror|iron-standing-mirror.webp
standing-mirror|iron-standing-mirror-regal|iron-standing-mirror-regal.webp
standing-mirror|loof-standing-mirror|loof-standing-mirror-cream.webp
standing-mirror|lorena-standing-mirror|lorena-standing-mirror.webp
standing-mirror|lotus-standing-mirror|lotus-standing-mirror.webp
standing-mirror|lukaplus-standing-mirror|lukaplus-standing-mirror.webp
standing-mirror|mocha-standing-mirror|mocha-standing-mirror.webp
standing-mirror|parla-standing-mirror|parla-standing-mirror-cream.webp
standing-mirror|sento-standing-mirror|sento-standing-mirror.webp
standing-mirror|shaylin-standing-mirror|shaylin-standing-mirror-picture.webp
standing-mirror|skate-standing-mirror|
study-chair|baloot-study-chair|baloot-study-chair-picture.webp
study-chair|bw-study-chair|bw-study-chair-picture-v2.webp
study-chair|caroline-study-chair|caroline-study-chair-picture-v3.webp
study-chair|elegance-study-chair|
study-chair|elizabeth-study-chair|
study-chair|iron-study-chair|iron-study-chair-picture.webp
study-chair|loof-study-chair|loof-study-chair-picture-v2.webp
study-chair|lukaplus-study-chair|
study-chair|mocha-study-chair|mocha-study-chair.webp
study-chair|parla-study-chair|
study-chair|skate-study-chair|
study-desk|baloot-study-desk|baloot-study-desk-picture.webp
study-desk|bw-study-desk|bw-study-desk.webp
study-desk|caroline-study-desk|caroline-study-desk.webp
study-desk|elegance-study-desk|elegance-study-desk-v2.webp
study-desk|elizabeth-study-desk|elizabeth-study-desk-5-drawers-cream-v2.webp
study-desk|iron-study-desk|iron-study-desk-v2.webp
study-desk|jacqueline-study-desk|jacqueline-study-desk.webp
study-desk|loof-study-desk|loof-study-desk-cream.webp
study-desk|lotus-study-desk|lotus-study-desk-mid.webp
study-desk|lukaplus-study-desk|lukaplus-study-desk.webp
study-desk|mocha-study-desk|mocha-study-desk.webp
study-desk|nikan-study-desk|nikan-study-desk-v2.webp
study-desk|parla-study-desk|parla-study-desk-cream.webp
study-desk|sento-study-desk|sento-study-desk.webp
study-desk|skate-study-desk|skate-study-desk-hutch.webp
study-desk|verna-study-desk|verna-study-desk-alt1.webp
vanity|baloot-vanity|baloot-vanity-4-drawers-picture-v2.webp
vanity|bw-vanity|bw-vanity-3-drawers.webp
vanity|caroline-vanity|caroline-vanity-3-drawers.webp
vanity|celine-vanity|celine-vanity-5-drawers-picture.webp
vanity|elegance-vanity|elegance-vanity-4-drawers.webp
vanity|elizabeth-vanity|elizabeth-vanity-2-drawers-cream.webp
vanity|iron-vanity|iron-vanity-3-drawers.webp
vanity|jacqueline-vanity|jacqueline-vanity-3-drawers.webp
vanity|loof-vanity|loof-vanity-3-drawers-cream.webp
vanity|lotus-vanity|lotus-vanity-3-drawers-mid.webp
vanity|lukaplus-vanity|lukaplus-vanity-4-drawers.webp
vanity|mocha-vanity|mocha-vanity-3-drawers-v2.webp
vanity|parla-vanity|parla-vanity-4-drawers-cream.webp
vanity|sento-vanity|sento-vanity-3-drawers-with-mirror.webp
vanity|shaylin-vanity|shaylin-vanity-3-drawers-picture.webp
vanity|skate-vanity|skate-vanity-chair-picture-v2.webp
vanity|verna-vanity|verna-vanity-3-drawers-picture-v2.webp
vanity-chair|baloot-vanity-chair|baloot-vanity-chair-picture.webp
vanity-chair|bw-vanity-chair|
vanity-chair|caroline-vanity-chair|caroline-vanity-chair.webp
vanity-chair|celine-vanity-chair|celine-vanity-chair-picture.webp
vanity-chair|elizabeth-vanity-chair|elizabeth-vanity-chair-cream.webp
vanity-chair|iron-vanity-chair|iron-vanity-chair-picture-v2.webp
vanity-chair|loof-vanity-chair|
vanity-chair|lorena-vanity-chair|lorena-vanity-chair.webp
vanity-chair|lukaplus-vanity-chair|lukaplus-vanity-chair-picture-v2.webp
vanity-chair|mocha-vanity-chair|mocha-vanity-chair.webp
vanity-chair|parla-vanity-chair|
vanity-chair|shaylin-vanity-chair|shaylin-vanity-chair-picture-v2.webp
wall-mirror|bw-wall-mirror|bw-wall-mirror-round.webp
wall-mirror|elegance-wall-mirror|elegance-wall-mirror.webp
wall-mirror|iron-wall-mirror|iron-wall-mirror.webp
wall-mirror|lotus-wall-mirror|
wall-mirror|skate-wall-mirror|skate-wall-mirror.webp
wardrobe|baloot-wardrobe|baloot-wardrobe-2-doors-picture.webp
wardrobe|bw-wardrobe|bw-wardrobe-1-doors-glass-v2.webp
wardrobe|caroline-wardrobe|caroline-wardrobe-2-doors-mdf.webp
wardrobe|elegance-wardrobe|elegance-wardrobe-2-doors-mdf.webp
wardrobe|elizabeth-wardrobe|elizabeth-wardrobe-2-doors-mdf-cream.webp
wardrobe|gandom-wardrobe|gandom-wardrobe-2-doors-mdf.webp
wardrobe|iron-wardrobe|iron-wardrobe-1-doors-glass.webp
wardrobe|jacqueline-wardrobe|jacqueline-wardrobe-2-doors-mdf-v2.webp
wardrobe|loof-wardrobe|loof-wardrobe-2-doors-mdf-cream.webp
wardrobe|lotus-wardrobe|lotus-wardrobe-2-doors-mdf-mid.webp
wardrobe|lukaplus-wardrobe|lukaplus-wardrobe-2-doors-mdf.webp
wardrobe|mocha-wardrobe|mocha-wardrobe-2-doors-mdf.webp
wardrobe|nikan-wardrobe|nikan-wardrobe-2-doors-v2.webp
wardrobe|parla-combined-wardrobe|parla-combined-wardrobe-cream.webp
wardrobe|parla-wardrobe|parla-wardrobe-2-doors-mdf-cream.webp
wardrobe|sento-wardrobe|sento-wardrobe-2-doors-mdf.webp
wardrobe|skate-wardrobe|skate-wardrobe-3-doors-mdf.webp
wardrobe|verna-wardrobe|verna-wardrobe-2-doors-mdf.webp
